,Unnamed: 0,FI,FI_EJ,AN,CLIN_STAFF,ADMIN,NURSES,NONCLI,OTHERCLI,INPATIENT
0,6501,10000024,10780054,2019,226.7,233.97,537.71,340.48,507.42,301423.0
1,6503,10000065,10780096,2019,14.59,18.16,58.84,19.59,93.29,2343.0
2,6504,10005239,10008407,2019,43.84,62.84,114.38,79.72,154.32999999999998,87197.0
3,6505,10780195,10000156,2019,85.8,32.37,150.94,16.21,66.61,38690.0
4,6506,10780203,10010718,2019,42.44,35.36,63.6,10.32,80.13,34679.0
5,6507,20000097,20000048,2019,7.4,13.0,35.07,22.22,68.77,2013.0
6,6508,20000162,20000063,2019,254.53,238.43,550.99,403.18,618.51,307010.0
7,6509,20000246,20000071,2019,2.6,9.74,19.18,19.12,41.27,1871.0
8,6511,20000394,20000253,2019,114.69,128.13,290.88,150.98000000000002,288.86,213941.0
9,6512,20000519,20000261,2019,143.06,151.24,367.1,215.7,394.01,241151.0
10,6514,20001061,20004404,2019,90.28,81.79,172.92999999999998,126.71,224.62,147498.0
11,6515,20001087,20004495,2019,19.76,39.45,53.63,44.97,73.09,16224.0
12,6516,20010047,20001632,2019,60.99,28.7,84.07,12.4,120.55,30762.0
13,6517,30000061,30780092,2019,173.92,207.74,629.7300000000001,327.21000000000004,634.59,183016.0
14,6518,30000079,30780100,2019,140.25,128.3,353.43,279.17,461.63000000000005,170338.0
15,6519,30000087,30780118,2019,194.34,183.42,540.79,309.63,627.27,194983.0
16,6520,30780548,30000194,2019,51.24,21.44,68.63,11.63,76.85,9649.0
17,6521,30781116,30000426,2019,60.73,39.31,122.56,21.3,159.37,23663.0
18,6522,30785430,30785422,2019,37.08,18.8,51.62,7.699999999999999,49.28,10471.0
19,6523,40000093,40780215,2019,67.07,73.14,204.79,68.66999999999999,253.37,86635.0
20,6524,40000135,50002948,2019,19.28,13.9,47.08,38.44,53.18,33829.0
21,6525,40000911,40788879,2019,84.43,106.79,326.57,161.08,250.42,69210.0
22,6526,40780470,40000192,2019,18.84,11.4,18.1,3.3,18.5,5278.0
23,6527,50000090,50006931,2019,50.59,19.2,37.06,5.17,40.05,13403.0
24,6528,50000231,50000116,2019,86.82,64.11,170.76,95.67,135.86,83365.0
25,6529,50000348,50002948,2019,149.9,168.78,343.34,236.03,367.56,147083.0
26,6530,60000478,60780897,2019,121.69,127.51,322.0,207.37,327.61,190133.0
27,6531,60000510,60780954,2019,206.68,177.7,379.81,199.45,477.6,171809.0
28,6532,60000528,60780962,2019,117.47,145.96,182.08,209.01,139.97,179312.0
29,6533,60000544,60780988,2019,208.24,194.12,448.52,316.85,566.99,229230.0
30,6534,60002102,60791761,2019,63.71,64.35,104.77,91.5,164.36,58206.0
31,6535,60021417,60000221,2019,72.66999999999999,34.61,59.25,8.7,60.92,20398.0
32,6537,60780491,60790797,2019,93.28,36.71,107.93,12.04,106.8,35284.0
33,6538,60780517,60000239,2019,118.41,72.62,139.91,41.27,168.06,64331.0
34,6539,60780590,60000270,2019,31.16,13.2,22.2,1.8,26.6,8808.0
35,6540,60780715,60000361,2019,206.16,83.41,156.68,40.69,263.72,63336.0
36,6541,60780723,60004959,2019,68.37,36.08,55.53,18.53,32.45,31896.0
37,6542,60780756,60000403,2019,51.85,24.6,38.3,8.4,67.06,12996.0
38,6543,60780947,60800174,2019,103.95,112.36,183.88,43.1,167.0,189345.0
39,6544,60781200,60000635,2019,79.99000000000001,20.66,31.46,16.130000000000003,52.620000000000005,12439.0
40,6545,60785003,60785011,2019,442.84,352.22,742.81,606.33,995.48,453164.0
41,6546,60785219,60780608,2019,96.38,32.69,50.95,15.85,65.16000000000001,13138.0
42,6547,60788957,60785011,2019,62.57,184.9,115.36,197.64,245.8,48700.0
43,6548,60789195,60785011,2019,280.02,196.46,436.92,400.78,666.99,289076.0
44,6549,60791811,60010808,2019,33.7,45.63,90.16,51.97,155.99,21666.0
45,6550,60794013,60790797,2019,64.5,32.94,68.96,11.63,50.71,16487.0
46,6551,60800166,60780608,2019,89.86,35.71,76.66,18.22,65.36,17867.0
47,6552,70000013,70002878,2019,42.97,57.17,85.64,47.59,86.51,16460.0
48,6553,70000179,70780358,2019,114.68,120.12,258.33,161.31,295.49,198189.0
49,6554,70000195,70780374,2019,4.43,10.64,24.93,12.73,47.5,4805.0
50,6555,70000609,70005566,2019,99.58,99.83,205.65,197.11,219.56,33353.0
51,6556,70780168,70000088,2019,20.67,17.03,28.12,4.04,18.4,6244.0
52,6557,70780424,70000245,2019,99.18,48.86,116.96,24.85,161.93,31972.0
53,6558,80000110,80000037,2019,47.7,65.1,149.47,77.4,208.89,59108.0
54,6559,80000219,80001969,2019,39.48,59.03,82.46,65.23,103.88,102794.0
55,6560,80000425,80000615,2019,192.22,214.94,468.57,368.47,499.71,283237.0
57,6562,90000175,90781774,2019,134.26,163.01,315.53,202.88,369.59,178701.0
58,6563,90000183,90781816,2019,50.12,88.97,281.38000000000005,161.59,270.68,60711.0
59,6564,100000082,100001148,2019,16.9,6.83,14.89,2.69,18.0,3457.0
60,6565,100000090,100000017,2019,267.0,277.79,538.3,376.29,592.03,355848.0
61,6566,100000124,100009075,2019,52.15,19.84,53.93,4.16,54.67,12370.0
62,6567,100000199,100006279,2019,32.34,41.56,86.85,63.59,106.23,17359.0
63,6569,110000023,110780061,2019,215.38,229.59,460.23,338.95,472.13000000000005,231337.0
64,6570,110000056,110780137,2019,133.66,125.69,289.51,158.14,279.68,149716.0
65,6571,110000189,110780707,2019,9.7,17.22,23.25,31.5,49.6,526.0
66,6573,110780228,110000114,2019,66.03999999999999,48.76,166.96,21.06,158.52,49377.0
67,6574,110780483,110000155,2019,76.72,27.55,73.48,8.41,86.58,29937.0
68,6575,120000039,120780044,2019,188.19,185.46,426.27,281.19,393.21,240707.0
69,6576,120000054,120780069,2019,56.01,84.18,123.89,127.14,143.51,74519.0
70,6577,120000070,120780085,2019,25.98,30.3,73.1,69.69999999999999,101.95,41239.0
71,6578,120004569,120004528,2019,69.22,72.32,161.23,125.39,156.27,74762.0
72,6579,120004668,120004619,2019,23.67,32.79,74.19,54.19,126.88,62584.0
73,6580,130000409,130041916,2019,292.64,245.65,570.92,369.59,724.88,324310.0
74,6582,130000565,130781446,2019,111.15,107.91,213.9,117.54,303.26,117800.0
75,6583,130001225,130782634,2019,113.01,131.12,263.76,121.57,320.6,116718.0
76,6584,130001647,130784127,2019,262.78000000000003,254.32,400.41,384.04,223.5,249072.0
77,6585,130002215,130785512,2019,40.39,56.03,94.73,100.97,134.57,63349.0
78,6586,130002827,130789274,2019,98.03,132.68,286.45,233.74,316.27,168085.0
79,6587,130002835,130789316,2019,148.9,170.72,293.59000000000003,214.41,348.12,201653.0
81,6589,130037922,130037823,2019,58.97,17.47,87.36999999999999,5.56,49.34,8628.0
82,6591,130042096,130042062,2019,16.5,3.0,28.0,5.5200000000000005,13.2,3558.0
83,6592,130043664,130002157,2019,226.36,169.88,379.71,46.93,377.31,382833.0
84,6593,130780521,130786049,2019,493.4,329.73,1138.57,673.0999999999999,1069.75,503800.0
85,6595,130781370,130000532,2019,25.23,15.18,26.99,6.05,31.89,7584.0
86,6596,130781479,130000599,2019,149.72,58.18,239.89,29.93,137.06,32258.0
88,6598,130782071,130002454,2019,45.8,35.72,66.34,12.09,72.28,21838.0
89,6599,130782147,130000979,2019,96.18,35.64,96.17,10.95,40.41,78318.0
90,6600,130782162,130000987,2019,44.17999999999999,24.74,37.48,9.64,16.779999999999998,7974.0
91,6601,130783236,130786049,2019,362.42,249.51,896.4300000000001,500.59,693.44,329921.0
92,6602,130783293,130786049,2019,815.5999999999999,474.87,1502.63,1166.94,1277.81,561452.0
93,6603,130783327,130001415,2019,89.87,57.93,145.41,34.21,168.75,41574.0
94,6604,130783665,130043722,2019,43.46,25.7,43.73,22.4,36.14,96796.0
95,6605,130783723,130001456,2019,84.13000000000001,30.9,68.25999999999999,20.08,29.36,21996.0
96,6606,130784051,130037823,2019,134.86,45.18,254.05,40.82,208.76,28696.0
97,6607,130784234,130786049,2019,214.87,131.71,360.02000000000004,187.65,308.0,145900.0
98,6608,130784713,130038847,2019,167.18,91.27,231.92,81.78,246.5,39566.0
99,6609,130784903,130002041,2019,25.24,16.63,23.86,6.29,25.77,5364.0
100,6610,130785389,130002173,2019,71.82000000000001,23.5,50.84,8.17,38.31,9910.0
101,6611,130785652,130014228,2019,325.54,314.18,617.8,264.19,747.4000000000001,534703.0
102,6612,130785678,130002249,2019,77.31,38.93,111.66,25.880000000000003,79.96,11157.0
103,6613,130786361,130002447,2019,113.59,56.3,206.66,45.88,175.46,44090.0
104,6614,130786445,130002488,2019,32.03,16.4,30.05,10.0,82.1,14405.0
105,6615,130786742,750821092,2019,132.92000000000002,120.65,215.2,137.55,206.98,115688.0
106,6617,130804297,130786049,2019,186.66,71.75,338.44000000000005,85.71,288.99,203652.0
107,6618,130809015,130001928,2019,30.83,60.39,81.64999999999999,82.1,197.85,3722.0
108,6619,130810740,130007362,2019,108.19,55.99,105.16,15.65,69.97,26716.0
109,6620,140000027,140000035,2019,145.51,117.47,332.16,203.19,403.33,154874.0
110,6621,140000209,140000100,2019,836.55,575.42,1415.17,798.37,1439.72,684247.0
111,6622,140000233,140000118,2019,49.41,68.9,145.69000000000003,96.6,167.61,110413.0
112,6623,140000290,140000449,2019,28.03,9.05,30.82,5.59,31.96,6974.0
113,6624,140000373,140000159,2019,34.620000000000005,51.66,106.17,67.74000000000001,140.9,21150.0
114,6626,140002452,140025800,2019,28.64,58.37,68.38000000000001,29.65,65.57000000000001,63461.0
115,6627,140004383,140000100,2019,45.11,52.58,35.09,131.55,57.24,12693.0
116,6628,140016759,140003146,2019,106.0,38.79,133.54,31.21,188.17,51461.0
117,6629,140017237,140003278,2019,107.52,62.22,281.34,37.87,161.47,73425.0
118,6630,140018730,140000423,2019,25.37,10.3,24.8,5.7,18.84,7040.0
119,6631,140024886,140000092,2019,95.41,100.27,191.11,187.04,231.11,110767.0
120,6632,140026410,140026279,2019,34.27,44.06,106.7,72.01,120.88,28731.0
121,6633,140026709,140000415,2019,31.23,12.7,41.4,5.699999999999999,29.85,5244.0
122,6634,150000032,150780088,2019,30.23,50.0,108.41,58.53999999999999,160.15,48001.0
123,6635,150000040,150780096,2019,155.41,163.52,497.71,282.53,525.4,216966.0
124,6636,150000164,150780468,2019,19.23,15.39,34.39,20.44,76.36,27084.0
125,6637,150780732,150000271,2019,47.09,52.17,108.82,19.6,113.65,28416.0
126,6638,160000170,160000204,2019,45.19,19.46,47.73,5.11,40.57,10499.0
127,6639,160000253,160000451,2019,215.35,229.71,532.9300000000001,351.04,580.88,311885.0
128,6640,160000279,160000212,2019,19.450000000000003,14.49,28.79,8.42,33.2,12554.0
129,6641,160000303,160006037,2019,26.34,51.53,98.55,77.0,215.73,26606.0
130,6642,160013207,160001632,2019,65.19,40.37,107.7,31.700000000000003,71.95,23362.0
131,6643,160015368,160014411,2019,48.94,56.95,106.1,70.06,159.34,67453.0
132,6644,170000038,170780050,2019,47.17999999999999,68.14,132.97,91.91,181.87,116040.0
133,6645,170000087,170024194,2019,326.73,362.69,720.13,446.01,816.2400000000001,313957.0
134,6646,170000095,170780167,2019,30.63,51.28,111.99,71.22,184.64,43372.0
135,6647,170000103,170780175,2019,173.47,194.41,502.38,398.84,428.34,249079.0
136,6648,170000129,170780191,2019,50.89,76.34,132.88,100.13,182.57,35122.0
137,6649,170000152,170780225,2019,111.24,121.18,281.08,129.9,421.39,156466.0
138,6650,170780563,170000251,2019,48.02,25.0,92.75,9.0,58.3,12983.0
139,6651,170780613,170024053,2019,49.35,27.59,64.64,6.62,37.51,8760.0
140,6652,170780621,170000285,2019,28.07,20.5,56.59,22.31,62.85,5435.0
141,6653,170780662,170024053,2019,70.58999999999999,26.05,66.86,6.63,60.900000000000006,21563.0
142,6654,180000010,180000028,2019,170.33,175.06,531.4,276.61,557.28,250661.0
143,6655,180000200,180000051,2019,50.12,58.06,119.23,94.81,204.45,80065.0
144,6656,180000283,180000069,2019,27.32,46.5,65.56,99.24,125.27,36287.0
145,6657,180004145,180000887,2019,63.8,31.29,116.23,21.58,143.77,23653.0
146,6658,190000018,190000042,2019,177.52999999999997,217.87,524.85,285.82,584.3299999999999,258388.0
147,6659,190000026,190000059,2019,100.75,120.19,285.97,197.64,305.22,99106.0
148,6661,190000224,190000901,2019,76.84,35.72,101.85,11.65,73.64,22109.0
149,6662,190000257,190001131,2019,25.15,19.13,38.17,6.1,24.6,6037.0
150,6663,210011847,210011839,2019,74.25,30.22,72.11,12.1,60.26,20839.0
151,6665,210780789,210003208,2019,69.61999999999999,27.4,114.6,15.6,100.8,31925.0
152,6666,210986089,210780581,2019,26.17,16.37,69.37,25.290000000000003,127.46,4434.0
153,6667,210987558,210780581,2019,1071.52,676.42,1720.9699999999998,1289.24,1700.14,666321.0
154,6668,210987657,210012175,2019,86.16000000000001,84.9,192.0,122.53,211.77,95157.0
155,6669,210987665,210012142,2019,15.3,26.11,50.84,52.06,71.51,35440.0
156,6670,210987673,210012142,2019,9.75,27.83,51.69,49.63,76.45,13553.0
157,6671,210987699,210780706,2019,66.25999999999999,66.1,125.2,80.21000000000001,146.44,103268.0
158,6672,210987731,210780417,2019,114.26,146.16,154.69,257.64,93.11,162752.0
159,6673,220000012,220000020,2019,329.36,353.98,780.0300000000001,470.36,834.29,354353.0
160,6674,220000095,220000046,2019,84.28,92.78,237.44,167.53,367.65,91089.0
161,6675,220000111,220000376,2019,23.61,20.11,43.82,4.62,22.99,8759.0
162,6676,220000343,220000079,2019,83.84,97.67,207.64,128.77,296.87,92690.0
163,6677,220000368,220000103,2019,88.02000000000001,117.91,220.87,165.85,277.09,121347.0
164,6678,220000541,220000152,2019,36.49,55.23,97.58,105.69,158.73000000000002,53028.0
165,6679,220001259,220005045,2019,9.6,32.99,51.62,87.4,121.77,6143.0
166,6680,220005599,220017842,2019,26.02,16.74,47.28,4.0,25.24,9986.0
167,6682,230000820,230780041,2019,84.38,107.46,227.04,150.15,268.98999999999995,91721.0
168,6683,230780082,750005068,2019,18.76,31.86,72.18,66.99,80.29,18840.0
170,6685,240000190,240000596,2019,59.900000000000006,41.4,150.29,18.68,110.67,30092.0
171,6686,240000208,240000612,2019,19.59,20.0,47.8,5.5,49.49,7332.0
172,6687,240000216,240000620,2019,20.75,8.85,22.74,5.92,29.22,8393.0
173,6688,240000372,240000059,2019,63.55,82.35,171.67999999999998,120.68,255.7,124776.0
174,6689,240000489,240000117,2019,213.38,227.48,631.9499999999999,368.32,861.03,220745.0
175,6691,240000687,240000448,2019,28.04,57.04,149.14,77.77000000000001,198.32,42025.0
176,6692,250000270,250000643,2019,89.97,44.02,175.13,21.44,177.69,26738.0
177,6693,250000700,250000452,2019,93.49,90.82,182.73,153.19,214.4,33469.0
178,6694,250006954,250000015,2019,877.02,444.96,1478.61,864.5899999999999,1417.13,689409.0
180,6696,260000013,260000021,2019,309.55,291.53,642.95,405.5,701.25,329664.0
181,6697,260000120,260016910,2019,100.92,130.09,265.04,188.73,276.83,125506.0
182,6698,260000138,260000047,2019,160.07999999999998,161.07,387.43,253.46,416.24,206765.0
183,6699,260000146,260000054,2019,20.73,36.83,72.8,58.53,49.68,42350.0
184,6700,260000203,260016910,2019,12.21,16.87,35.5,64.91,72.34,23514.0
185,6701,260000260,260000377,2019,30.18,17.87,37.59,5.8,30.53,8186.0
186,6702,260003017,260000781,2019,50.63,35.5,77.43,10.12,48.5,18491.0
187,6703,260006267,70000245,2019,51.38,9.66,45.07,4.85,59.84,13651.0
188,6704,270000045,270000060,2019,35.39,72.94,89.36000000000001,52.49,111.76,64391.0
189,6705,270000326,270000680,2019,42.08,32.02,83.80000000000001,8.0,82.54,40766.0
190,6706,270000359,270023724,2019,238.28,243.41,456.15,277.48,512.5600000000001,235026.0
191,6707,270000367,270000086,2019,35.18,61.78,89.49,70.74,145.11,67095.0
192,6708,270000391,760024042,2019,20.19,31.07,54.92,19.59,79.37,35189.0
193,6709,270000425,270000102,2019,19.43,50.4,80.92999999999999,55.05,152.87,20208.0
194,6710,270000441,270000110,2019,17.749999999999996,26.53,56.58,47.14,117.08,38925.0
195,6711,270000458,270023724,2019,49.61,60.1,146.19,85.05000000000001,196.06,76089.0
196,6712,270000862,270000953,2019,34.14,30.8,35.81,7.7,35.95,8047.0
197,6713,280000084,280000183,2019,211.26,183.99,481.59,295.36,658.9499999999999,260021.0
198,6714,280000449,920030269,2019,6.23,12.0,29.32,4.6,42.95,1128.0
199,6715,280000662,280500075,2019,33.55,55.71,118.85,88.55,172.60000000000002,56880.0
200,6716,280502998,280000589,2019,29.63,34.03,62.24,53.52,79.41000000000001,77237.0
201,6717,280504267,280000134,2019,234.08,195.6,486.99,325.35,613.95,316264.0
202,6718,280505777,280001199,2019,69.34,40.0,79.9,26.5,58.73,45467.0
203,6719,290000025,290020700,2019,301.65,308.68,630.2,480.34,643.93,328176.0
204,6720,290000033,290021542,2019,155.91,175.26,632.5899999999999,333.34,446.44,137529.0
205,6721,290000058,290000017,2019,281.93,286.73,527.5799999999999,439.34,502.11,89815.0
206,6722,290000066,290020700,2019,17.58,18.79,77.63,42.63,103.4,34187.0
207,6723,290000140,290000447,2019,65.53,35.71,115.12,25.880000000000003,67.22,25350.0
208,6724,290000173,290000041,2019,65.25,69.11,174.73999999999998,91.69,159.25,66886.0
209,6725,290000181,290000074,2019,38.42,55.87,83.38000000000001,80.60000000000001,100.63,60866.0
210,6726,290000207,290000520,2019,50.39,27.29,73.28,8.74,73.94,16043.0
211,6727,290000215,290029974,2019,46.620000000000005,17.12,81.46000000000001,7.34,67.0,12397.0
212,6728,290000256,290000017,2019,36.99,44.65,120.86,85.87,141.51,11869.0
213,6729,290000728,750821092,2019,63.07,97.72,145.78,109.19,140.07,85996.0
214,6730,290000785,220020739,2019,58.440000000000005,69.46,136.85,67.23,158.84,97285.0
215,6731,290000934,560005746,2019,45.97,70.87,125.58,112.93,165.87,48256.0
216,6732,290004142,290022508,2019,36.39,10.28,44.52,5.21,27.08,8436.0
217,6733,290004324,290000017,2019,478.91,242.28,826.0699999999999,569.6800000000001,630.5300000000001,67604.0
218,6734,290019777,290022508,2019,94.11,44.76,145.82,30.98,145.64999999999998,54697.0
219,6735,290023431,290001049,2019,34.8,14.8,33.27,3.5,26.6,8532.0
220,6736,300000023,300780046,2019,125.32,147.12,383.64,300.32000000000005,476.86,142887.0
221,6737,300000031,300780053,2019,104.17,123.39,196.76,145.52,253.79,123000.0
222,6738,300780137,920028396,2019,64.84,37.94,87.72,14.34,59.24,23316.0
223,6739,300780152,300017985,2019,102.82,32.03,140.61,21.56,113.9,15312.0
224,6740,300781465,300000726,2019,66.39,18.69,52.76,10.21,78.32,11472.0
225,6741,300782117,300780038,2019,728.69,558.44,1294.9199999999998,1086.2800000000002,1488.5,652855.0
226,6742,300788502,300017985,2019,121.37,44.5,111.47,18.88,142.21,49475.0
227,6743,310000310,310780671,2019,89.47,72.61,137.30999999999997,118.05,250.31000000000003,40080.0
228,6744,310009279,310780671,2019,24.87,17.39,52.78,2.5700000000000003,71.51,39313.0
229,6745,310016977,310781406,2019,238.24,116.79,589.01,93.01,681.97,271531.0
230,6746,310019351,310781406,2019,114.14,55.95,223.51,66.45,169.42,138037.0
231,6750,310780150,310788799,2019,79.36,40.25,113.49,54.48,96.94,20530.0
232,6751,310780259,310000096,2019,150.64,100.0,472.96,119.0,314.0,55856.0
233,6752,310780283,310000112,2019,127.41,79.31,261.31,71.09,163.23,82498.0
234,6753,310780366,310000153,2019,20.1,16.13,33.18,25.8,71.58,4157.0
235,6754,310780382,310000179,2019,87.30000000000001,37.34,132.6,12.97,129.3,28091.0
236,6755,310781000,310788880,2019,128.51,73.45,376.19,55.18000000000001,239.0,61185.0
237,6756,310781067,310788898,2019,72.28,85.31,104.73,35.92,111.45,118093.0
238,6758,310782016,310000617,2019,143.73999999999998,21.91,90.77,24.67,36.2,43957.0
239,6759,310782347,310789136,2019,125.16,190.69,202.93,295.01,165.27,225824.0
240,6760,310783048,310781406,2019,558.35,367.68,1178.83,1099.78,1013.4199999999998,502522.0
241,6761,310783055,310781406,2019,637.6,219.35,1186.16,553.5,1050.31,345944.0
242,6762,320000086,320780117,2019,112.15,142.0,301.90000000000003,191.45,503.18,136700.0
243,6763,320780067,320000052,2019,36.33,21.89,34.1,7.46,38.19,6890.0
244,6764,330000332,330780545,2019,36.37,23.8,67.0,21.0,61.9,25567.0
245,6765,330000340,330780552,2019,146.25,180.15,341.02,90.8,256.19000000000005,186228.0
246,6766,330000555,330781204,2019,103.65,81.8,164.76,100.62,256.75,95070.0
247,6767,330000571,330781220,2019,43.66,65.56,119.84,57.69,146.39,53136.0
248,6768,330000589,330027509,2019,50.13,86.79,131.23,120.98,153.23999999999998,84526.0
249,6770,330000605,330781253,2019,253.65,274.53,606.76,400.31,769.5200000000001,276509.0
250,6771,330000613,330781261,2019,11.73,39.58,49.38,36.88,133.64,22434.0
251,6772,330000662,330781329,2019,132.92,163.4,177.07,290.01,136.47,188171.0
252,6775,330780081,330000043,2019,89.08,30.5,177.72,16.44,84.53999999999999,16741.0
253,6776,330780115,330000076,2019,73.92,29.04,81.78,8.3,55.83,26359.0
254,6777,330780206,330000126,2019,39.25,19.27,48.93,9.2,38.07,11861.0
255,6778,330780263,330000134,2019,78.39999999999999,61.55,125.48,6.95,154.38,53053.0
256,6779,330780271,330021429,2019,27.5,15.14,34.76,5.0,17.3,9663.0
257,6781,330780479,330000274,2019,185.04,118.73,299.67,63.72,337.59,78059.0
258,6782,330780495,330796392,2019,34.31,79.23,100.22,13.66,97.06,62313.0
259,6783,330780503,330000308,2019,80.0,46.47,129.81,17.4,74.05,26464.0
260,6784,330780511,330000316,2019,36.33,16.97,33.440000000000005,13.36,32.34,11726.0
261,6785,330780529,330796392,2019,85.44999999999999,122.42,188.71,34.01,115.91,91327.0
262,6786,330780537,330000324,2019,60.61,36.3,101.39,35.91,99.14,29094.0
263,6787,330781337,330781196,2019,33.72,53.38,124.84,89.91,209.71,17358.0
264,6788,330781352,330781196,2019,208.12,148.5,360.27000000000004,202.26,379.18,130871.0
265,6789,330781360,330781196,2019,1214.45,718.13,2177.96,1266.83,2302.74,695130.0
266,6790,330781402,330000670,2019,57.14,25.08,69.28,22.69,48.22,14062.0
267,6791,330782582,330000928,2019,84.1,37.86,104.21,13.79,106.44,22972.0
268,6792,330783648,330781196,2019,541.0,334.6,1039.75,938.52,1033.89,280115.0
269,6793,340000033,340780055,2019,215.61,249.7,556.34,413.49,668.85,247334.0
270,6794,340000207,340780493,2019,140.92000000000002,188.16,214.06,211.78,187.36,182127.0
271,6795,340000223,340011295,2019,126.56,120.88,303.06,203.08,325.39,166684.0
272,6797,340008275,340780477,2019,25.18,12.69,66.29,8.28,105.67,6656.0
273,6798,340009885,340009877,2019,67.08,25.04,55.5,8.24,91.74,15909.0
274,6799,340015502,340000512,2019,150.19,66.18,256.23,12.68,268.97,44899.0
275,6800,340015965,340000074,2019,68.50999999999999,35.1,148.34,13.56,157.12,46292.0
276,6802,340780139,340000090,2019,45.99,19.78,48.150000000000006,5.2,34.9,8908.0
277,6804,340780154,340000116,2019,41.22,16.7,41.25,4.1,24.46,19271.0
278,6805,340780436,340011295,2019,10.62,6.21,41.34,4.91,69.23,22816.0
279,6806,340780634,340000272,2019,115.68,42.6,120.2,24.34,105.96,42733.0
280,6807,340780642,340785856,2019,84.11,68.4,88.39,42.67,91.12,152969.0
281,6808,340780667,340000280,2019,149.29,65.39,257.32,23.06,234.31,49754.0
282,6809,340780675,340000298,2019,103.89,41.78,77.5,8.92,114.61,30985.0
283,6811,340780741,340000348,2019,59.94,21.49,36.33,7.29,41.95,11095.0
284,6812,340781608,340015171,2019,11.47,15.59,44.51,12.68,60.86,1040.0
285,6813,340782036,340780477,2019,262.29,130.14,481.57,253.42,405.6,174384.0
286,6814,340782085,340780477,2019,233.62,131.92,408.07,149.97,306.8,216124.0
287,6815,340785161,340780477,2019,472.62,246.25,804.97,382.7000000000001,743.53,384858.0
288,6816,340796663,340780477,2019,294.73,140.3,569.8199999999999,246.72,589.83,238365.0
289,6817,350000063,220020739,2019,7.8,9.97,27.1,10.72,49.03,1062.0
290,6818,350000121,350000303,2019,201.24,85.33,360.92,37.67,255.73,85596.0
291,6819,350000139,350001137,2019,60.1,91.4,145.13,15.34,224.28,166045.0
292,6820,350000147,350000022,2019,219.91000000000005,197.35,603.11,249.89,618.66,149517.0
293,6821,350000154,350000030,2019,73.59,86.9,191.11,118.36,276.98,106480.0
294,6822,350000162,350000048,2019,59.96,78.01,188.58,83.36,247.24,77259.0
295,6823,350000188,350000055,2019,54.81,49.56,124.23,92.35,159.34,73799.0
296,6824,350000196,350000311,2019,66.95,18.96,58.6,6.91,49.15,15215.0
297,6825,350000741,350005179,2019,987.54,586.34,1546.24,1453.08,1443.52,597198.0
298,6826,350002192,220020739,2019,105.9,61.25,203.13,50.64,195.96,21030.0
299,6827,350002812,350023503,2019,70.56,97.75,85.06,148.25,60.95,132320.0
300,6828,350005021,440042844,2019,23.6,29.24,91.0,35.89,161.63,5333.0
301,6829,350005146,350000733,2019,93.17,44.6,156.94,33.41,94.29,51778.0
302,6830,350007084,350005179,2019,234.65,132.36,456.29,124.01,527.61,260035.0
303,6831,360000038,360000046,2019,32.55,55.26,75.62,82.91000000000001,212.48,46004.0
304,6832,360000129,360000269,2019,27.27,18.78,46.16,10.7,47.85,11307.0
305,6833,360000137,360000053,2019,163.60000000000002,197.39,469.37,227.65,559.28,253423.0
306,6834,360000160,360000053,2019,17.8,24.7,72.17,43.1,115.53000000000002,25397.0
307,6835,370000051,370000028,2019,14.49,8.23,26.35,5.970000000000001,19.01,4899.0
308,6836,370000093,370013468,2019,117.8,39.0,164.51,17.26,100.62,51167.0
309,6837,370000499,370000481,2019,120.18,55.02,258.33,52.66,214.45,133708.0
310,6838,370000531,370000606,2019,63.8,78.27,212.58,117.85,385.27,39014.0
311,6839,370000861,370000481,2019,508.68,454.18,1013.64,608.51,1164.49,432535.0
312,6840,370000879,370000564,2019,43.99,64.27,95.4,67.99000000000001,164.76999999999998,55806.0
313,6841,370000903,370000614,2019,38.02,42.15,86.57000000000001,61.41,99.5,46465.0
314,6842,370004467,370000481,2019,335.59000000000003,257.8,849.7700000000001,680.92,693.33,277421.0
315,6843,370007569,370007528,2019,125.99,75.62,217.58,38.17,252.5,62497.0
316,6844,380000018,380780023,2019,10.2,16.46,22.77,9.71,45.03,4216.0
317,6845,380000026,380780031,2019,14.41,29.11,39.73,31.200000000000003,69.25999999999999,23145.0
318,6846,380000034,380780049,2019,193.48,180.61,365.44,217.99,426.48,178567.0
319,6847,380000042,380780056,2019,21.11,40.72,72.74000000000001,41.43000000000001,109.57,30826.0
320,6848,380000059,380780072,2019,5.84,20.36,25.5,26.29,51.3,1876.0
321,6849,380000067,380780080,2019,1339.63,873.15,1870.67,1331.95,1761.47,729500.0
322,6851,380000406,380784751,2019,109.07,99.3,199.03,113.42,245.67,97159.0
323,6852,380012658,380012609,2019,212.72,160.59,339.06,94.58,316.21,185762.0
324,6854,380780197,380798173,2019,49.51,27.4,47.02,19.28,78.72,12282.0
325,6856,380782722,380780080,2019,62.95,72.79,202.57,237.09,323.87,98906.0
326,6857,380785956,380795211,2019,102.14,37.71,126.45,19.1,88.02,42571.0
327,6858,380786442,380798025,2019,159.22,54.23,163.3,27.09,227.55,34226.0
328,6859,390000040,390780146,2019,121.45,135.1,317.36,150.43,420.52,137920.0
329,6860,390000065,390780161,2019,19.43,36.44,64.02000000000001,43.91,84.28,35359.0
330,6861,390000222,390780609,2019,108.67,107.4,265.33,124.52,300.49,126336.0
332,6863,390780575,250017803,2019,26.97,12.41,40.53,8.96,32.94,6235.0
333,6864,400000105,400780193,2019,194.64,169.62,426.8,380.88,402.59,221548.0
334,6865,400000139,400011177,2019,204.02,234.16,445.42,389.71,500.16,247886.0
335,6866,400780359,400000204,2019,34.16,15.6,41.51,1.85,35.75,8366.0
336,6867,400782769,400014213,2019,23.33,15.32,46.53,4.75,57.46,12356.0
337,6868,410000020,410000087,2019,228.74,205.04,560.95,349.35,707.37,225215.0
338,6869,410000038,410000095,2019,35.44,55.79,91.29,64.62,139.05,26458.0
339,6870,410000046,410000103,2019,54.940000000000005,76.25,200.25,104.65,216.34,86157.0
340,6871,410000202,410000319,2019,74.22,49.9,143.8,23.16,96.45,52300.0
341,6872,410004998,410000871,2019,36.18,16.5,39.8,2.61,50.92,6874.0
342,6873,420000010,420780033,2019,213.01,195.97,565.25,323.26,573.11,269390.0
343,6874,420000226,420013831,2019,83.26,127.18,244.96,135.79,220.84,98869.0
344,6875,420000234,420780652,2019,119.47,114.68,236.16,137.79000000000002,339.69,123412.0
345,6876,420000267,420013831,2019,38.47,18.45,84.02,35.45,109.93,51363.0
346,6877,420010050,420787061,2019,78.47,62.33,182.62,15.02,70.43,144082.0
347,6878,420010241,420013492,2019,60.46,72.67,102.42,115.5,87.18,109152.0
348,6879,420011413,420011405,2019,181.69,55.82,262.36,43.74,155.04000000000002,65773.0
349,6880,420780504,420000135,2019,64.59,33.0,98.4,7.9,58.31,45900.0
350,6881,420780637,420002495,2019,64.32,101.17,165.39,105.32,157.09,110404.0
351,6882,420782310,420000853,2019,68.63,28.6,109.5,9.34,78.16,37167.0
352,6883,420782567,420784878,2019,28.09,12.79,102.86,15.38,115.38,4473.0
353,6884,420785354,420784878,2019,703.76,337.49,1584.18,432.71,1084.4299999999998,701066.0
354,6885,430000109,430000372,2019,24.4,10.7,30.48,2.78,25.62,7002.0
355,6886,430000117,430000018,2019,191.36,187.25,472.16,215.96,513.9,252865.0
356,6887,430000190,430000034,2019,30.93,36.76,102.43,42.79,145.83999999999995,32679.0
357,6888,440000016,440000057,2019,252.42,251.28,554.12,405.31,639.02,318814.0
358,6889,440000271,440000289,2019,939.1,587.96,1808.98,1086.4,1488.04,787565.0
359,6890,440000396,440053643,2019,39.7,50.54,105.75,65.53999999999999,149.35000000000002,64593.0
360,6891,440000404,440000925,2019,25.22,12.48,37.69,5.17,23.57,6833.0
361,6892,440000412,440000941,2019,72.45,33.88,98.05,24.14,138.82,14896.0
362,6893,440000453,440000289,2019,21.6,12.11,51.91,7.56,87.71000000000001,6949.0
363,6896,440001113,490017258,2019,107.24,137.44,138.58,204.84,88.66,189521.0
364,6897,440001253,440028538,2019,9.98,27.31,46.41,25.5,115.6,1666.0
365,6898,440001287,440041531,2019,6.02,16.02,26.21,21.33,57.25,1332.0
366,6899,440002020,440001386,2019,62.73,30.49,85.32,32.39,76.28,21023.0
367,6900,440017598,440000289,2019,287.4,103.56,624.79,233.83,504.5100000000001,158253.0
368,6901,440029338,440053411,2019,49.83,69.28,113.14,18.78,173.42000000000002,145410.0
369,6902,440029379,440000974,2019,101.46,40.24,126.83,13.63,117.19,40086.0
370,6903,440033819,440006344,2019,185.0,50.0,211.0,180.5,459.36,70421.0
371,6904,440041580,440041572,2019,166.81,97.45,326.64,60.95,274.93,84527.0
372,6906,450000047,450000096,2019,43.77,51.85,82.52,57.51,129.34,46587.0
373,6907,450000062,450000104,2019,143.11,173.24,399.69,213.53000000000003,536.25,174276.0
374,6908,450000070,450000112,2019,26.98,42.55,65.51,54.75,114.06,46675.0
375,6909,450000245,450000542,2019,63.78,27.53,77.19,25.48,73.85,15749.0
376,6911,450002613,450000088,2019,563.13,448.59,1262.58,815.3599999999999,1295.26,784324.0
377,6912,450010079,450000195,2019,89.44999999999999,40.74,135.46,27.04,87.12,41123.0
378,6913,450012968,450001474,2019,23.03,13.8,22.97,4.46,34.4,5720.0
379,6914,460000045,460780083,2019,33.95,38.15,99.8,55.74,90.96,63056.0
380,6916,460000102,460780208,2019,18.05,32.19,67.1,35.24,91.31,43205.0
381,6917,460000110,460780216,2019,148.49,137.38,299.31,151.98,310.41,163145.0
382,6918,470000027,470014069,2019,85.53,67.76,191.25,46.08,222.6,44518.0
383,6919,470000423,470016171,2019,140.45,159.36,375.53,210.08,423.14,264927.0
384,6920,470000431,470000324,2019,64.76,81.05,171.44,153.15,263.89,109020.0
385,6921,470000480,470001660,2019,64.64,90.51,175.58,106.59,242.92,106476.0
386,6923,480000017,480780097,2019,55.35,87.89,163.37,77.42999999999999,213.72,80875.0
387,6924,490000049,490000031,2019,919.5,523.81,1560.38,982.38,1618.87,757607.0
388,6925,490000155,490017258,2019,93.24,84.4,99.59,132.95,77.22,153083.0
389,6926,490000262,490000171,2019,74.51,25.41,91.8,10.47,70.32,18160.0
390,6927,490000635,490000676,2019,218.98,218.83,633.1399999999999,317.34000000000003,584.49,410603.0
391,6928,490001765,490528452,2019,102.59,115.45,222.16,165.47,221.56,111022.0
392,6929,490002037,490000890,2019,70.0,43.52,141.5,21.05,180.11,27158.0
393,6930,490007929,490000627,2019,29.15,14.4,49.260000000000005,1.9,33.81,10946.0
394,6931,490014909,490008109,2019,170.66,66.08,217.2,49.63,294.51,66027.0
395,6932,490015906,490000197,2019,60.81,28.89,68.46,10.36,60.14,10131.0
396,6933,500000021,500000054,2019,118.0,138.02,263.14,169.05,308.36,92862.0
397,6934,500000146,500000500,2019,59.46,28.14,80.15,8.49,55.71,17622.0
398,6935,500000187,500000013,2019,198.71,208.78,509.86,347.71000000000004,575.5,233356.0
399,6936,500000203,500000542,2019,24.76,20.18,31.85,8.48,31.12,6491.0
400,6937,500000260,500000054,2019,35.52,27.12,92.28,51.98,143.70999999999998,48747.0
401,6938,500000427,500000096,2019,9.02,17.19,43.87,31.94,51.22,17475.0
402,6939,500000450,500000112,2019,176.32999999999998,158.24,390.68,226.29,447.42,170962.0
403,6940,500000468,500000013,2019,21.06,18.61,76.75,30.28,129.04,44128.0
404,6941,500000591,500000393,2019,14.02,51.94,106.68,62.16,188.5,26862.0
405,6942,500002357,500002233,2019,43.32,17.58,49.0,4.21,35.739999999999995,9776.0
406,6944,510000185,510000532,2019,106.63,41.75,134.08,11.39,121.63,48559.0
407,6945,510000235,510000060,2019,71.92,74.0,152.95999999999998,136.73,191.58,103990.0
408,6946,510000243,510000573,2019,27.65,11.33,22.82,8.18,25.55,6438.0
409,6947,510000250,510000078,2019,20.64,40.34,63.54,56.53,78.47,36706.0
410,6948,510000516,510000136,2019,36.45,96.29,99.9,101.85,84.47,109007.0
411,6949,510002447,510000029,2019,424.33,268.49,628.12,762.36,554.71,271323.0
412,6950,510002470,510000029,2019,69.36,29.76,147.28,10.27,98.12,102450.0
413,6951,510004302,510000029,2019,353.07,316.37,666.4499999999999,218.87,533.77,316927.0
414,6953,520000027,520780032,2019,51.76,90.03,148.05999999999997,165.71,209.67,20161.0
415,6955,520000068,520780073,2019,84.3,102.61,198.81,124.52,183.7,132053.0
416,6958,530000017,530000025,2019,69.52,81.4,216.2,106.64,310.57,91222.0
417,6959,530000173,530000074,2019,66.99,127.55,290.88,172.39999999999998,290.52,91688.0
418,6960,530000264,530000371,2019,148.85,226.08,562.13,325.04999999999995,577.47,198896.0
419,6961,530031962,530000975,2019,61.93,21.91,88.6,9.42,49.66,18476.0
420,6962,540000015,540023264,2019,91.87,89.41,172.64,59.150000000000006,221.85,105199.0
421,6963,540000023,540000049,2019,54.33,51.57,124.78,49.63,126.4,72530.0
422,6964,540000155,540000080,2019,89.35000000000001,65.1,144.20999999999998,100.28,156.81,71307.0
423,6966,540000296,540000106,2019,7.58,30.27,65.73,25.83,88.62,33672.0
424,6967,540000361,540003928,2019,37.24,16.54,28.04,4.85,27.12,7244.0
425,6968,540000445,540000890,2019,40.39,13.23,48.78,9.49,44.62,8300.0
426,6969,540000452,540000908,2019,59.87,32.34,55.83,9.63,60.75,15716.0
427,6970,540000478,540003449,2019,139.57,52.59,236.37,36.18,181.35,56279.0
428,6972,540001070,540000767,2019,54.26,82.17,157.24,126.42,182.61,105804.0
429,6973,540001096,570010181,2019,51.86,100.65,160.92,47.27,222.23,109092.0
430,6974,540001138,540023264,2019,325.91,442.6,723.0400000000001,653.11,775.05,238950.0
431,6975,540001286,540003019,2019,63.51,122.43,156.36,169.06,118.13,134670.0
432,6976,540002698,540023264,2019,636.72,422.79,1291.73,944.34,1122.09,587315.0
433,6977,540013224,540000536,2019,55.64,24.61,54.52,12.27,87.07,11111.0
434,6978,550000012,550006795,2019,132.7,186.03,350.55,199.73,289.64,182794.0
435,6979,550000038,550000046,2019,7.720000000000001,15.96,20.6,33.71,50.39,52492.0
436,6980,550000178,550000293,2019,33.05,22.84,48.14,10.47,45.95,11197.0
437,6981,550000434,550003354,2019,67.85,87.28,187.18,147.01999999999998,229.58,77580.0
438,6982,560000127,560023210,2019,297.57,309.72,744.91,332.1,908.92,404898.0
439,6984,560000143,560014748,2019,82.35,147.91,297.65,218.43,341.7,159831.0
440,6985,560000184,560006017,2019,23.75,28.88,58.08,32.95,94.87,8383.0
441,6986,560000192,560000044,2019,42.39,71.32,166.76,99.02,208.42,79090.0
442,6987,560000200,560023210,2019,23.57,28.54,86.04,17.619999999999997,135.06,42485.0
443,6989,560007510,560001307,2019,27.32,11.38,37.71,11.33,13.34,11010.0
444,6990,560008799,560013989,2019,147.95,56.02,237.5,20.33,248.17,42670.0
445,6992,570000059,570025254,2019,108.77,94.73,273.37,92.47,233.61,145430.0
446,6993,570000083,570000729,2019,34.03,35.15,70.16,14.36,50.9,13529.0
447,6994,570000117,570015099,2019,61.66,70.76,188.53,78.49,175.1,81123.0
448,6995,570000216,570010181,2019,82.6,95.75,220.84,59.39,193.69,151051.0
449,6996,570000281,570005165,2019,17.59,17.98,98.15,10.59,89.44,19894.0
450,6997,570000349,570005165,2019,191.91,177.04,545.77,252.76,474.08,298183.0
451,6998,570000356,570000919,2019,30.6,24.6,58.5,9.19,43.37,12456.0
452,6999,570000364,570011569,2019,38.6,11.59,36.5,12.53,18.5,7998.0
453,7000,570000562,570011353,2019,10.0,18.94,35.6,13.05,78.89,4008.0
454,7001,570000596,750821092,2019,53.55,126.89,105.63,59.11,140.98000000000002,60400.0
455,7002,570000646,570001115,2019,106.47,59.3,248.13,28.36,163.36,62041.0
456,7003,570000901,570000158,2019,111.8,104.48,296.74,112.93,276.89,124230.0
457,7004,570000950,570000398,2019,14.17,16.76,30.47,23.54,27.48,4039.0
458,7005,570001057,570023630,2019,42.38,61.27,163.36,38.03,156.66,67149.0
459,7006,570001099,570023630,2019,14.36,98.02,87.65,8.62,65.05,11622.0
460,7007,570003079,570010181,2019,15.1,23.15,38.65,7.550000000000001,109.95,3026.0
461,7008,570009670,570027995,2019,6.3,13.2,25.77,6.5,55.48,613.0
462,7009,570026252,570023630,2019,71.52,110.53,358.34,68.01,188.3,151667.0
463,7010,570026682,570005165,2019,408.23,462.11,910.3,465.58,670.9499999999999,606852.0
464,7011,580780138,580000024,2019,38.22,33.2,76.9,10.6,38.82,19541.0
465,7012,580780195,580005148,2019,18.630000000000003,17.65,27.66,30.39,23.83,644.0
466,7013,580972669,580780070,2019,19.03,19.02,31.75,24.25,50.38,26353.0
467,7014,580972685,580780096,2019,31.55,49.09,96.95,80.77000000000001,108.9,46176.0
468,7015,580972693,580780039,2019,167.07,230.0,476.87,307.06,439.3200000000001,192926.0
469,7016,590000014,590780052,2019,19.82,26.25,95.13,43.870000000000005,90.05999999999999,20195.0
470,7017,590000121,590780227,2019,143.61,118.27,315.26,167.74,360.7,162630.0
471,7018,590000188,590780334,2019,92.71,156.98,225.73,243.87,112.05,187757.0
472,7019,590000337,590781415,2019,226.5,214.14,597.44,330.49,527.29,297801.0
473,7020,590000428,590781605,2019,131.63,148.04,453.59,197.21,386.39,149523.0
474,7021,590000436,590781621,2019,35.96,29.44,73.0,40.21,85.16,57183.0
475,7022,590000469,590781662,2019,49.43,41.88,125.66,54.0,176.10000000000002,59613.0
476,7023,590000477,590781670,2019,21.05,30.26,85.4,51.14,165.89,38067.0
477,7024,590000527,590781795,2019,15.67,29.14,62.63,58.04,91.36,8693.0
478,7025,590000535,590781803,2019,136.66,166.7,512.97,176.37,504.27,189275.0
479,7026,590000592,590782165,2019,92.59,109.48,267.41,148.88,356.61,153443.0
480,7027,590000600,590782207,2019,25.4,32.67,131.32,43.650000000000006,149.89,7064.0
481,7028,590000618,590782215,2019,485.39,412.98,1046.08,625.59,1058.21,601747.0
482,7029,590000691,590782439,2019,15.43,30.18,45.6,35.94,62.84,41964.0
483,7030,590000758,590782637,2019,111.49,112.45,221.52,145.47,260.3,142291.0
484,7031,590000774,590782652,2019,35.980000000000004,49.92,102.47,52.21,122.9,87763.0
485,7032,590001004,590783239,2019,253.04,225.49,630.96,315.2,604.88,247633.0
486,7033,590001749,590788956,2019,21.69,49.65,74.0,54.35,123.98,45040.0
487,7034,590006607,590780193,2019,236.59,124.94,482.67,285.6,586.03,275250.0
488,7035,590006896,590000519,2019,15.45,23.15,24.47,11.13,14.57,7019.0
489,7036,590008041,590008033,2019,89.47,45.64,170.47000000000003,8.4,111.58,43688.0
490,7037,590052056,590051801,2019,29.88,40.58,69.25,12.97,72.82000000000001,24171.0
491,7038,590780250,590053955,2019,40.82,21.8,87.4,6.5,40.3,25374.0
492,7039,590780268,590053955,2019,180.58,29.9,333.3,90.0,196.9,74159.0
493,7040,590780284,590051801,2019,212.47000000000003,248.87,323.89,132.11,314.54,144691.0
494,7041,590780383,590000204,2019,219.17,43.1,204.1,22.200000000000003,105.3,75708.0
495,7042,590781571,590000402,2019,17.56,6.3,23.6,7.2,4.0,3804.0
496,7043,590781951,590053955,2019,31.520000000000003,13.3,75.9,12.4,50.6,7772.0
497,7044,590782298,590000675,2019,62.02,30.97,95.05,18.73,109.63,17653.0
498,7045,590782553,590000741,2019,125.39,27.5,99.9,22.4,99.8,27581.0
499,7046,590784864,590780193,2019,88.78999999999999,43.84,171.64999999999998,66.37,162.73000000000002,69821.0
500,7047,590785374,620001834,2019,25.31,31.6,45.3,10.58,55.74,24988.0
501,7048,590787586,590780193,2019,134.66,76.23,375.12,149.78,330.66,97814.0
502,7049,590788964,590001756,2019,25.61,12.2,29.13,10.2,13.85,10933.0
503,7051,590797353,590051801,2019,186.7,125.73,341.90000000000003,155.25,392.05,235080.0
504,7052,590801106,590782421,2019,286.6,278.75,749.34,434.73,796.55,358241.0
505,7053,590804696,590781902,2019,206.64,218.21,466.66,293.9,603.7,220048.0
506,7054,590811279,590780193,2019,375.57,184.86,836.3699999999999,218.25,830.72,463576.0
507,7055,590813176,590005278,2019,19.97,11.69,24.53,7.5,20.9,5003.0
508,7056,590813382,590000386,2019,25.62,14.05,45.81999999999999,13.71,44.19,8492.0
509,7057,590813507,590000485,2019,36.88,25.24,44.32000000000001,10.93,65.65,8459.0
510,7058,590815056,590005492,2019,27.3,22.76,67.34,12.11,29.83,14031.0
511,7059,590816310,590000048,2019,65.64,26.29,81.72,11.18,66.33,32011.0
513,7061,600000053,600101984,2019,62.34,61.41,208.99,66.84,390.98,93296.0
514,7062,600000186,600100648,2019,53.9,95.99,90.98,171.55,148.28,82237.0
515,7063,600000194,600100713,2019,268.35,237.4,501.99000000000007,433.46,545.21,289040.0
516,7065,600000467,600101984,2019,214.14,181.46,382.03,249.22,401.87,232737.0
517,7067,600100168,600106629,2019,26.59,15.0,36.24,9.0,22.84,30071.0
518,7068,600100754,600000228,2019,104.51,51.64,170.26999999999998,28.25,186.2,62563.0
519,7069,600110175,600001234,2019,23.64,21.82,43.2,6.0,29.5,13402.0
520,7070,600113476,600100721,2019,200.28,185.98,445.47,296.05,534.14,96135.0
521,7071,610000044,610780074,2019,33.38,57.8,118.6,94.24,170.34,50839.0
522,7072,610000051,610780082,2019,158.14,152.8,331.46000000000004,222.68,382.58,384439.0
523,7073,610000069,610780090,2019,86.6,91.07,216.35,84.66999999999999,256.86,148064.0
524,7074,610000077,610780124,2019,15.23,33.6,51.99,57.46,73.38,6344.0
525,7075,610000119,610780165,2019,88.1,108.99,247.84,122.79,265.32,128060.0
526,7076,610780116,610790594,2019,27.55,31.48,64.54,68.17999999999999,121.61,36506.0
527,7077,620000026,620003814,2019,52.07,148.46,212.44000000000003,135.14,238.49,112035.0
528,7078,620000034,620100057,2019,273.75,279.99,696.78,411.73,663.29,322666.0
529,7079,620000224,620100651,2019,139.45,177.5,427.67,291.81,487.96,199923.0
530,7080,620000240,620100677,2019,45.38,47.75,197.46,79.52,183.54,9164.0
531,7081,620000257,620100685,2019,373.09,270.4,759.73,360.39,780.61,369104.0
532,7083,620000349,620101360,2019,123.12,141.49,368.03,200.55,447.84,184413.0
533,7084,620000653,620103440,2019,249.68,241.17,723.21,393.54,740.8299999999999,364168.0
534,7085,620003202,620103432,2019,108.17,116.24,303.12,165.97,270.02,111924.0
535,7086,620003350,620001834,2019,41.24,47.9,133.22,48.150000000000006,204.5,47246.0
536,7087,620003376,620001834,2019,93.29,73.19,187.75,30.94,166.63,106139.0
537,7088,620006049,620000331,2019,34.849999999999994,31.08,58.9,4.8,41.7,12334.0
538,7089,620025346,620001834,2019,74.94,72.96,155.32999999999998,45.93,182.23,94091.0
539,7090,620100099,620014779,2019,114.17,27.91,133.63,19.43,139.92000000000002,30567.0
540,7091,620100487,620000125,2019,27.7,23.22,46.7,6.0,53.49,5315.0
541,7092,620100735,620000265,2019,72.5,32.92,85.72,16.43,113.56,30353.0
542,7093,620100750,620000273,2019,29.18,19.55,47.66,5.0,42.58,10715.0
543,7094,620101311,620027763,2019,69.83,14.87,70.64,17.69,74.11,15244.0
544,7095,620101501,620000364,2019,98.0,60.8,186.73,20.5,97.8,54097.0
545,7096,620106088,620000976,2019,31.91,4.35,24.69,2.91,35.74,3901.0
546,7097,620118513,620002915,2019,83.11999999999999,38.47,132.45,35.04,148.64,25127.0
547,7098,630000404,630780989,2019,549.31,475.87,1099.09,1022.72,992.44,405545.0
548,7099,630000412,630780997,2019,20.6,16.21,88.89999999999999,35.51,97.29,28591.0
549,7100,630000420,630781003,2019,57.63,43.67,108.89,42.79,154.4,53088.0
550,7101,630000438,630781011,2019,53.41,65.2,161.41000000000005,96.99,206.97,18179.0
551,7102,630000446,630781029,2019,57.58,34.48,157.72000000000003,54.22,222.26,61747.0
552,7103,630000479,630781110,2019,127.1,118.38,155.82,195.6,122.78,147896.0
553,7104,630780211,630000107,2019,118.71,41.91,151.28,18.99,76.58,55924.0
554,7105,630781268,630780989,2019,317.21000000000004,153.27,604.57,251.03,619.22,359601.0
555,7107,630781839,630000826,2019,121.0,43.33,155.46,26.76,226.6,37671.0
556,7108,640000162,640780417,2019,351.73,275.45,941.43,495.19,984.66,404955.0
557,7109,640000402,640780813,2019,41.870000000000005,53.42,110.25,72.57,146.37,42443.0
558,7110,640000410,640780821,2019,41.61,54.84,99.47,77.86,133.71,49446.0
559,7111,640000600,640781290,2019,312.05,298.44,730.17,398.7,838.3100000000001,357747.0
560,7113,640017646,640017638,2019,42.07,27.18,69.24,24.26,70.15,48160.0
561,7116,640780490,640000212,2019,64.31,31.84,89.13000000000001,10.45,84.54,32210.0
562,7117,640780748,640000360,2019,55.1,31.28,82.06,20.37,72.28999999999999,21674.0
563,7118,640780938,640000451,2019,37.31,21.7,51.7,10.17,58.2,19608.0
564,7119,640780946,640000469,2019,74.03999999999999,28.03,100.76,14.45,96.85,17324.0
565,7120,640781225,640000568,2019,34.349999999999994,21.33,60.21,6.37,49.95,4925.0
566,7121,650000045,650780158,2019,60.45,57.99,150.21,113.76,156.43,201563.0
567,7122,650000417,650783160,2019,170.4,187.9,372.71,251.33,394.92,238498.0
568,7123,650002579,650000243,2019,27.77,29.1,87.8,6.0,86.49,12544.0
569,7124,650780679,650000243,2019,39.98,19.9,97.03,10.3,99.24,24498.0
570,7125,650784218,650780174,2019,41.47,74.99,112.33,169.93,142.9,59872.0
571,7126,660000084,660780180,2019,365.52,325.47,858.04,503.06,920.76,486737.0
572,7127,660006305,660006297,2019,56.25,39.68,104.2,13.0,75.71,20280.0
573,7128,660780628,660000282,2019,24.02,10.0,28.29,5.86,23.36,12165.0
574,7129,660780669,660000324,2019,26.8,10.48,30.1,7.0,75.91,6772.0
575,7130,660780776,660000399,2019,15.45,10.0,25.0,2.0,22.0,13028.0
576,7131,660780784,660000407,2019,124.22,61.58,227.92,33.41,182.46,61808.0
577,7132,660790387,660790379,2019,117.69,58.74,255.94,32.0,160.26,86874.0
578,7134,670000157,670780337,2019,232.16000000000005,186.22,551.1800000000001,261.06,486.32,203175.0
579,7135,670000165,670780345,2019,109.95,72.76,250.18,143.03,277.04,94361.0
580,7136,670000215,680000643,2019,10.77,25.16,62.49,28.16,202.99,1711.0
581,7139,670000397,670017755,2019,96.95,86.27,205.48,136.29,211.36,85441.0
582,7143,670780113,670780055,2019,47.2,31.63,38.39,29.13,162.51,87247.0
583,7144,670780170,670000116,2019,67.85,38.2,140.7,18.08,138.70999999999998,24447.0
584,7145,670780188,670014604,2019,56.04,78.02,131.82,20.61,106.99,31145.0
585,7146,670780212,670014604,2019,107.61,50.01,261.81,25.61,195.82,83435.0
586,7147,670780378,670000785,2019,50.74,35.6,104.05,33.44,71.72,16746.0
587,7148,670780386,670000199,2019,48.82,16.99,54.04,5.0,23.6,10817.0
588,7150,670783273,670780055,2019,660.5799999999999,342.86,1361.79,702.02,1083.64,558127.0
589,7151,670798636,670014604,2019,26.99,18.85,38.13,5.05,33.38,38054.0
590,7152,680000320,680000643,2019,88.08,51.07,187.13,14.96,190.31,52584.0
591,7153,680000494,680000643,2019,82.55999999999999,138.68,209.84,85.2,154.67000000000002,24340.0
592,7154,680000544,680020336,2019,31.85,35.47,106.89,65.27,133.51,59718.0
593,7155,680000577,680000411,2019,18.28,25.95,52.67,32.05,95.51,30806.0
594,7156,680000601,680020336,2019,18.0,21.31,60.36000000000001,38.5,85.08,34419.0
595,7157,680000684,680000973,2019,487.96,390.35,1132.75,681.46,1028.55,510277.0
596,7158,680000700,680001005,2019,23.15,30.48,55.6,26.2,70.81,47244.0
597,7159,680001195,680000643,2019,90.33,87.06,183.82,52.66,171.9,120501.0
598,7160,680004546,680020336,2019,422.9,340.19,995.39,518.42,859.54,641658.0
599,7162,690000013,690780036,2019,33.8,47.69,89.61,59.95,136.94,46222.0
600,7163,690000021,690780044,2019,19.48,20.26,24.81,13.509999999999998,97.59,19014.0
601,7164,690000245,690780432,2019,31.19,34.37,62.1,19.38,171.82,4644.0
602,7165,690000427,750721334,2019,52.54,72.66,134.01,67.88,249.23,3949.0
603,7166,690000575,690782222,2019,261.9,221.34,520.15,239.28,495.25,263068.0
604,7168,690000880,690783220,2019,212.86,328.35,382.01,426.3200000000001,222.74,235713.0
605,7169,690007539,690781810,2019,374.17,273.71,698.8199999999999,532.44,710.22,396495.0
606,7170,690019849,690781810,2019,9.57,6.33,43.76,9.13,36.78,8939.0
607,7171,690022959,690000732,2019,79.56,21.57,63.69,17.34,88.94,12931.0
608,7172,690023239,690000146,2019,114.72,30.89,83.8,21.08,66.95,18382.0
609,7173,690023411,690000252,2019,150.71,85.22,242.78,44.82,193.99,84839.0
610,7176,690780093,750821092,2019,58.36,104.24,128.63,102.76,122.93,91028.0
611,7178,690780259,690030457,2019,47.91,12.48,29.35,4.6,12.2,8514.0
612,7179,690780358,690000195,2019,130.37,50.7,135.70000000000002,31.8,121.5,26779.0
613,7180,690780366,690000203,2019,76.95,19.8,76.9,27.1,49.06,19712.0
614,7181,690780390,690000229,2019,105.39,29.96,89.88,17.89,60.53,31337.0
615,7182,690780416,690031190,2019,79.05000000000001,72.48,140.1,30.9,167.83999999999995,63814.0
616,7183,690780648,690036900,2019,122.65,62.54,204.36,28.15,142.1,58723.0
617,7184,690780655,690000377,2019,60.31,20.7,77.06,13.48,52.89,49637.0
618,7185,690780663,690000385,2019,52.09,29.47,64.81,20.64,45.52,17925.0
619,7186,690783154,690781810,2019,442.44,477.82,1175.93,829.5600000000001,924.86,519909.0
620,7187,690784137,690781810,2019,501.19,475.14,1194.8,962.63,1006.97,631151.0
621,7188,690784152,690781810,2019,385.86,317.84,824.3700000000001,689.1500000000001,710.91,483141.0
622,7189,690784178,690781810,2019,147.62,138.4,359.96,247.93,303.90000000000003,100409.0
623,7190,690784186,690781810,2019,186.2,212.47,498.55,420.23,370.93,151565.0
624,7191,690784194,690781810,2019,26.56,27.72,110.99,74.36,207.59,6862.0
625,7192,690793468,690002068,2019,171.88,61.01,191.3,18.25,93.9,29621.0
626,7193,690805361,690805353,2019,126.17,165.95,285.47,119.43,230.27,245132.0
627,7194,690807367,690003447,2019,75.83,29.98,81.86,8.71,71.89,35314.0
628,7195,700000011,700780026,2019,22.19,25.4,46.86,30.21,67.6,39187.0
629,7196,700000029,700004591,2019,184.71,154.24,374.93,185.71,397.6,205303.0
630,7197,700780208,700004591,2019,15.04,12.75,44.25,10.55,50.87,21413.0
631,7198,710006859,710000118,2019,66.68,21.8,82.91,16.3,68.21000000000001,17821.0
632,7199,710010067,710780644,2019,72.05,102.93,194.31,134.17000000000002,201.88,118296.0
633,7200,710010786,710781451,2019,29.46,37.4,75.38,36.59,68.39,22789.0
634,7201,710780917,710000274,2019,81.14,32.38,113.39,17.8,91.4,33037.0
635,7202,710781410,710000373,2019,19.18,14.01,25.92,8.309999999999999,28.24,4301.0
636,7203,710781824,710000464,2019,37.33,27.58,66.82,16.169999999999998,89.88000000000001,5325.0
637,7204,710978263,710780958,2019,228.32,236.81,608.9200000000001,265.29,572.22,276832.0
638,7205,710978289,710780263,2019,173.62,224.89,624.6,236.57,601.9200000000001,231429.0
639,7208,720000033,720000025,2019,439.04,496.9,1061.22,703.81,1042.22,560604.0
640,7209,720000124,720000066,2019,12.11,26.3,44.12,38.24,82.50999999999999,23561.0
641,7210,720000199,720000595,2019,60.91,32.49,133.54000000000002,52.51,110.25,23772.0
642,7211,720000231,720000637,2019,26.3,14.76,34.36,8.31,58.75,5001.0
643,7212,720000249,720000645,2019,18.15,29.43,29.87,13.55,27.110000000000003,20648.0
644,7213,720000470,610780082,2019,11.37,12.71,58.89,22.880000000000003,102.44,30445.0
645,7214,720000520,720000140,2019,10.04,29.6,35.57,56.870000000000005,108.69,22158.0
646,7215,720001437,720006022,2019,21.43,40.29,63.98,57.88,76.89999999999999,49295.0
647,7216,720016179,720016724,2019,55.29,115.81,155.04,132.35,231.78,105939.0
648,7217,720017748,720000561,2019,122.17,83.26,239.23,43.870000000000005,155.18,67536.0
649,7218,730000031,730000015,2019,440.64,417.72,935.46,603.87,749.4,438414.0
650,7219,730000080,730780103,2019,44.760000000000005,57.81,83.85,58.25,124.04,62646.0
651,7220,730000098,730000015,2019,44.41,58.21,110.4,86.45,148.91,59376.0
652,7221,730000247,730780525,2019,25.57,31.91,76.02,46.63,76.44,39654.0
653,7222,730000262,730002839,2019,70.52,84.69,160.16,73.8,198.17,86607.0
654,7223,730004298,730010048,2019,122.28,49.64,171.38,35.2,128.81,60187.0
655,7225,730783644,730000015,2019,17.310000000000002,7.53,29.12,3.02,64.04,9879.0
656,7226,740000237,740781133,2019,420.02,411.67,868.67,466.61,831.31,351373.0
657,7228,740000302,740781133,2019,70.76,86.35,161.26000000000002,127.83,197.84,84673.0
658,7229,740000328,740790381,2019,131.32,194.32,388.74,271.06,394.11,175358.0
659,7230,740014345,740000617,2019,123.5,52.45,123.01,47.73,126.26,73038.0
660,7231,740780192,740780168,2019,5.17,11.8,22.700000000000003,10.77,31.21,4563.0
661,7232,740780416,740000112,2019,84.0,32.93,88.09,14.11,52.96,16018.0
662,7234,740781141,740790258,2019,196.85,183.39,401.88,301.32,393.7,439222.0
663,7235,740781224,740001839,2019,118.1,94.93,221.91,125.43,285.86,116325.0
664,7236,750000481,750110025,2019,120.6,151.63,121.25,130.2,150.18,270198.0
665,7237,750000499,750062036,2019,577.75,615.6,1712.6,801.3,1415.9,69947.0
666,7238,750000523,750150120,2019,424.58,378.54,640.24,280.49,622.25,485300.0
667,7239,750000549,750150229,2019,282.17,242.05,284.82,164.91,214.65,488598.0
668,7240,750041543,750712184,2019,49.94,48.01,92.22,52.07,250.11,3951.0
669,7241,750100042,750712184,2019,567.09,339.45,932.44,481.8200000000001,1173.21,464780.0
670,7242,750100075,750712184,2019,546.13,347.66,956.81,641.1400000000001,823.4599999999999,479956.0
671,7243,750100083,750712184,2019,61.8,52.48,126.61,64.19,288.34000000000003,38670.0
672,7244,750100091,750712184,2019,508.24,397.66,880.67,675.75,990.45,366504.0
673,7245,750100109,750712184,2019,354.99,205.13,600.64,321.81,674.85,299560.0
674,7248,750100208,750712184,2019,736.49,574.34,1238.9,702.6999999999999,1299.88,626462.0
675,7249,750100232,750712184,2019,619.45,391.08,1158.44,530.52,1234.85,621081.0
676,7250,750100273,750712184,2019,409.23,289.26,699.15,415.9500000000001,825.35,489942.0
677,7251,750100299,750712184,2019,49.47,56.9,136.22,106.63,433.47,8956.0
678,7252,750150013,750811887,2019,23.49,38.81,30.1,7.84,99.73,63880.0
679,7253,750150104,750720476,2019,245.79,226.24,471.14,176.98000000000002,237.87,44294.0
680,7254,750150146,750720609,2019,19.31,24.83,42.28,10.66,80.42,3138.0
681,7255,750150187,750000143,2019,18.64,18.8,52.45,4.98,68.34,1405.0
682,7256,750150237,750006728,2019,157.69,163.21,274.81,84.66999999999999,213.88,227545.0
683,7257,750150260,750006728,2019,25.24,47.5,46.400000000000006,13.08,125.12,127604.0
684,7259,750150344,750720468,2019,18.34,38.77,66.55,32.04,91.42,558.0
685,7260,750160012,750813321,2019,167.66,198.98,300.86,353.23,169.18,243091.0
686,7261,750300071,750000598,2019,122.73,40.91,133.7,9.8,82.6,23713.0
687,7262,750300089,750000606,2019,33.739999999999995,19.37,25.73,7.66,14.18,6543.0
688,7263,750300121,750052037,2019,94.62,38.84,51.73,11.14,37.09,17929.0
689,7264,750300139,750000655,2019,62.71,34.55,48.56,14.98,33.58,23449.0
690,7265,750300154,750000671,2019,149.07,52.36,144.87,31.0,77.2,51585.0
691,7266,750300360,750026569,2019,109.4,76.06,100.6,34.6,77.88,34607.0
692,7267,750300410,750000770,2019,36.63,19.4,19.7,6.5,36.28,5075.0
693,7268,750300493,750000796,2019,30.89,20.96,43.56,4.93,33.480000000000004,5206.0
694,7269,750300592,750000820,2019,56.59,17.0,27.0,3.5,9.5,8589.0
695,7270,750300667,750000838,2019,25.07,15.43,17.799999999999997,5.08,88.49,3663.0
696,7271,750300766,750056145,2019,65.47,49.28,92.58,10.16,86.00999999999999,16243.0
697,7272,750300774,750000895,2019,71.31,24.37,51.040000000000006,6.46,31.130000000000003,13133.0
698,7273,750300840,750000903,2019,115.2,23.04,29.28,5.470000000000001,65.92,12322.0
699,7274,750300857,750062218,2019,23.520000000000003,9.0,17.0,1.0,11.0,1683.0
700,7275,750300881,750000937,2019,67.87,26.72,36.79,6.73,27.29,14599.0
701,7276,750300915,750000960,2019,82.61,47.27,77.38,29.0,41.0,29487.0
702,7277,750300931,750000978,2019,33.67,11.46,9.64,0.15,31.25,3709.0
703,7278,750301137,750001034,2019,69.78999999999999,48.92,59.18,23.8,62.2,10666.0
704,7279,750301145,750001042,2019,83.21,42.19,57.87,10.8,50.0,20747.0
705,7280,750301160,750001067,2019,43.03,21.89,43.68,8.74,34.02,7593.0
706,7281,750801441,750712184,2019,47.64,36.51,145.45000000000002,104.39,440.68,9774.0
707,7282,750803447,750712184,2019,637.04,446.17,1072.27,563.64,813.76,430114.0
708,7283,750803454,750712184,2019,451.79,253.26,782.88,349.42,756.56,446990.0
709,7284,760000018,760780023,2019,186.49,153.74,449.97,186.07,517.06,211199.0
710,7285,760000141,760780239,2019,40.35,22.71,125.87,42.74,239.08,60923.0
711,7287,760000166,760780247,2019,117.03,127.45,176.51999999999998,169.29000000000002,120.41,74333.0
712,7288,760000182,760780262,2019,37.52,32.18,40.79,20.0,174.48,54893.0
713,7289,760000364,760780734,2019,56.99,56.48,148.37,115.86,189.05,69421.0
714,7290,760000372,760780742,2019,32.67,47.68,62.54,46.95,111.53,62966.0
715,7291,760000463,760024042,2019,191.71,189.59,405.94,232.64,424.65,211647.0
716,7292,760021329,760000448,2019,116.17000000000002,59.46,238.21,36.31,164.22,86859.0
717,7293,760025312,760000315,2019,139.05,63.25,165.17,34.18,199.77,35621.0
718,7294,760027292,760027300,2019,42.35,17.64,43.14,7.899999999999999,42.89,9939.0
719,7295,760780205,760000125,2019,41.87,8.84,21.37,3.4,14.61,3642.0
720,7296,760780510,760000257,2019,67.57,40.23,102.52,22.77,104.74,37284.0
721,7297,760780619,760000307,2019,83.82,50.19,175.4,43.29,128.82,31634.0
723,7299,760780791,760000414,2019,58.04,41.46,88.92,41.19,78.58,45083.0
724,7300,760780825,760000430,2019,12.32,11.4,26.43,8.0,18.91,4569.0
725,7301,760783522,760780239,2019,70.01,43.28,203.05,196.89,326.77,87680.0
726,7302,760805770,760780726,2019,355.75,284.77,890.73,589.51,856.27,377198.0
727,7303,760921809,760000273,2019,108.3,56.5,162.9,20.4,160.95000000000002,81700.0
728,7304,770000131,770021145,2019,120.06,88.55,263.14,151.07999999999998,293.38,115368.0
729,7305,770000149,770021152,2019,109.43,116.08,270.92,118.17,266.24,126211.0
730,7306,770000156,770110054,2019,262.96,237.02,525.35,273.22,667.61,198844.0
731,7307,770000164,770021152,2019,84.28999999999999,92.19,225.76,93.59,304.31,107259.0
732,7308,770000172,770110070,2019,88.74000000000001,105.48,233.16,117.77,266.58,112972.0
733,7309,770000180,770110054,2019,7.25,10.81,15.13,16.759999999999998,28.520000000000003,610.0
734,7310,770000214,770021152,2019,54.92,46.09,168.45000000000002,58.59,207.79,42789.0
735,7311,770000446,770021145,2019,294.93,239.07,661.03,317.66,642.2199999999999,262539.0
736,7312,770019032,770021145,2019,328.65,176.53,593.37,306.90000000000003,613.44,247808.0
737,7314,770300010,770004299,2019,42.83,36.0,71.0,9.8,73.58,43700.0
738,7315,770300135,770000289,2019,71.95,32.69,69.22,18.3,55.67,37619.0
739,7316,770300143,770000362,2019,52.92,31.15,89.13,17.77,53.760000000000005,19316.0
740,7317,770300275,770000289,2019,38.06,6.94,29.11,3.4,28.98,4729.0
741,7318,770790707,770000719,2019,51.96,21.81,76.98,14.8,78.19,38935.0
742,7319,770813400,770001014,2019,35.63,19.0,35.099999999999994,4.8,37.400000000000006,11189.0
743,7320,780000287,780110011,2019,212.72,165.86,497.2,269.04999999999995,501.05,250965.0
744,7321,780000295,780002697,2019,104.82,114.61,189.55,176.02999999999997,234.54,97146.0
745,7322,780000303,780024113,2019,31.46,94.25,89.4,130.29,197.76,2642.0
746,7323,780000311,780001236,2019,307.38,226.57,650.9699999999999,274.89,801.27,240732.0
747,7324,780000329,780110052,2019,122.39,120.19,227.28,119.13,276.5,127808.0
748,7325,780000337,780001236,2019,88.5,93.52,179.52,196.76,231.84,124583.0
749,7327,780018727,780018719,2019,46.12,19.66,50.5,2.0,57.86,18549.0
750,7330,780150066,780808614,2019,34.989999999999995,35.88,91.36,45.12,168.48,4649.0
751,7331,780300075,780000485,2019,19.65,40.1,92.75,30.75,101.66,4468.0
752,7332,780300125,780000535,2019,27.42,19.3,38.4,10.5,48.2,10229.0
753,7333,780300208,780000576,2019,46.24,29.96,45.04,13.65,68.67,11379.0
754,7334,780300323,780003679,2019,78.87,27.83,98.48,12.46,82.16,41280.0
755,7335,780300406,780018032,2019,141.61,33.94,126.06,30.75,94.44,36323.0
756,7336,780300414,780000675,2019,82.83999999999999,49.47,149.25,21.23,120.16,54465.0
758,7338,780300455,780000717,2019,46.57,34.7,37.5,22.6,19.1,28363.0
759,7339,780800256,780110078,2019,506.29,306.51,761.6700000000001,415.45,872.93,361806.0
760,7340,790000087,790000012,2019,321.82000000000005,345.4,942.45,462.09,894.0400000000001,384815.0
761,7341,790009948,790001242,2019,57.24,47.91,93.25,17.330000000000002,101.8,29862.0
762,7343,800000143,800000028,2019,164.81,149.03,340.53000000000003,190.77,394.36,174979.0
763,7344,800000192,800000044,2019,107.72,169.52,163.8,198.93,210.17,79389.0
764,7345,800000226,800000069,2019,39.89,43.64,87.76,50.31,133.77,46623.0
765,7346,800000390,800000085,2019,34.23,58.6,66.78999999999999,81.48,88.25,54731.0
766,7347,800000432,800000093,2019,44.76,51.88,77.07000000000001,60.13,86.11,57574.0
767,7348,800002503,800001141,2019,33.34,28.63,68.37,17.53,40.89,28892.0
768,7349,800006124,800000044,2019,879.5799999999999,600.92,1403.45,946.07,1225.02,757287.0
769,7350,800009466,800002982,2019,53.0,34.1,77.09,23.71,37.86,14617.0
770,7351,800009920,800003071,2019,131.85,68.23,137.01000000000002,17.240000000000002,164.57,26866.0
771,7352,800013179,800013138,2019,127.11,11.3,28.8,7.8,23.88,16003.0
772,7354,810000224,810000471,2019,85.04,44.05,240.4,24.3,213.9,63659.0
773,7355,810000505,810000331,2019,124.33,146.74,317.72,150.1,323.49,174006.0
774,7356,810000521,810000380,2019,181.85,175.88,378.73,230.4,404.59,226133.0
775,7357,810000562,810000455,2019,58.92,80.99,274.08,155.05,270.82,66480.0
776,7358,810101170,810101162,2019,41.260000000000005,33.13,71.37,15.63,87.25999999999999,10082.0
777,7360,820000032,820000016,2019,181.79,154.27,466.46,254.54,513.48,165544.0
778,7361,820000040,820000081,2019,48.37,19.88,42.05,11.010000000000002,66.24,11520.0
779,7362,820000057,820000131,2019,117.57,47.76,197.48,29.74,217.87,55236.0
780,7363,820000065,820000156,2019,40.81,12.75,14.73,1.0,6.6,8827.0
781,7364,820000883,820004950,2019,27.39,45.0,69.74000000000001,66.35,72.69,57776.0
782,7365,830000279,830100517,2019,65.04,71.52,146.28,79.56,186.82,39331.0
783,7366,830000287,830100525,2019,138.21,145.48,293.45,168.2,369.3,156812.0
784,7368,830000311,830100566,2019,172.29000000000002,196.61,402.41,206.85,416.09,138652.0
785,7369,830000337,830100590,2019,26.81,34.57,54.9,26.3,86.41,30438.0
786,7370,830000345,830100616,2019,367.66,408.92,903.27,546.69,894.99,371359.0
787,7371,830100103,830000022,2019,74.55,39.84,112.49,27.1,89.22,34255.0
788,7372,830100251,830000063,2019,56.06,21.87,53.59,10.87,46.36,14213.0
789,7373,830100319,830020855,2019,86.35,35.78,140.04000000000002,10.81,78.68,17761.0
790,7375,830100368,830000147,2019,36.35,10.21,30.4,4.22,31.73,6860.0
791,7376,830100392,830000154,2019,57.79,27.64,70.73,15.88,65.81,12659.0
792,7378,830100434,830000196,2019,101.48,63.36,116.87,29.76,138.03,35852.0
793,7379,830100459,830000212,2019,100.71,26.77,54.14,7.35,42.29,16152.0
794,7380,830100475,830000238,2019,62.09,10.55,38.48,8.16,31.2,6517.0
795,7381,830100558,690781810,2019,27.43,51.52,146.59,87.07000000000001,175.3,33639.0
796,7382,830100574,750821092,2019,198.82,209.37,373.85,224.26,317.53,235670.0
797,7383,830100608,830100616,2019,42.85,33.3,216.92,65.9,234.02,46864.0
798,7384,830100855,830000493,2019,13.66,19.71,31.880000000000003,12.03,64.39,1012.0
799,7385,830200523,830210084,2019,31.01,27.35,66.37,12.57,48.24,82750.0
800,7386,840000285,840000608,2019,57.41,20.92,53.85,7.48,86.06,11199.0
801,7387,840000327,840000640,2019,9.47,8.25,22.15,3.23,19.11,2446.0
802,7388,840000343,840000012,2019,20.43,30.24,68.59,49.48,82.39,29272.0
803,7389,840000350,840000657,2019,57.71,89.47,65.73,103.65,83.64,154806.0
804,7390,840000392,840000046,2019,41.93,62.25,97.0,69.84,166.61,57110.0
805,7391,840000400,840000673,2019,40.32,17.3,42.6,12.8,29.3,8656.0
806,7392,840000418,840004659,2019,42.84,55.16,94.71,71.95,130.92000000000002,54396.0
807,7394,840000483,840000087,2019,64.45,79.35,161.48000000000002,111.29,244.52,72263.0
808,7395,840000491,130041916,2019,25.25,23.3,58.98,34.53,154.08,45432.0
809,7397,840001861,840006597,2019,363.28,385.64,868.9399999999999,482.19,1078.72,417407.0
810,7398,840013312,840003685,2019,46.06,32.64,76.26,15.71,68.25999999999999,11857.0
811,7399,840013445,840014658,2019,46.74,13.0,45.0,9.0,42.0,20789.0
812,7400,840017172,840017164,2019,40.41,17.8,59.5,16.8,39.4,11222.0
813,7401,850000118,850013244,2019,63.940000000000005,26.61,100.08,6.7,79.25,37373.0
814,7402,850000126,850022948,2019,24.51,14.99,46.75,15.01,38.7,9079.0
815,7403,850000134,850013269,2019,28.2,21.13,62.35,4.13,30.68,10323.0
816,7404,850000142,850000019,2019,397.25,342.52,951.0,478.99,984.53,406158.0
817,7405,850000175,850009010,2019,77.06,106.67,235.83,154.55,237.61,112551.0
818,7406,850000209,850000019,2019,29.85,36.11,108.65,115.15,162.76,49177.0
819,7407,850000225,850000019,2019,20.86,21.09,58.97,35.93,93.66,26789.0
820,7408,850000241,850000084,2019,76.44,85.47,167.62,94.93,212.67,90168.0
821,7409,850009630,850000035,2019,39.81,47.1,99.21,88.96,156.89,45047.0
822,7412,860000058,860014208,2019,22.05,26.12,78.69,33.68,86.75,45819.0
823,7413,860000223,860014208,2019,1003.25,519.42,1525.82,1191.9299999999998,1589.16,694350.0
824,7414,860010321,860010313,2019,94.19,45.09,122.87,24.31,89.5,35554.0
825,7415,860780311,860010750,2019,29.19,20.47,37.79,13.35,50.49,7540.0
826,7416,860780568,860000140,2019,30.53,11.99,24.89,3.0,51.11,7948.0
827,7417,870000064,870000015,2019,672.6700000000001,495.84,1116.14,1050.93,1091.75,531248.0
828,7418,870000098,870000023,2019,56.22,60.72,106.07,87.78,128.15,76880.0
829,7419,870000270,870000031,2019,37.36,35.84,74.6,52.57,125.85,65163.0
830,7420,870000288,870017415,2019,138.48,95.89,311.19,44.17,252.6,64619.0
831,7421,870000411,870017415,2019,54.32,16.52,85.01,4.69,121.16,12086.0
832,7422,870014859,870000015,2019,92.71,51.4,215.19,53.33,289.67,181692.0
833,7423,880000021,880007059,2019,127.33,168.71,334.02,163.55,338.59,154898.0
834,7425,880000054,880007299,2019,56.71,86.77,155.78,94.46,220.74,88850.0
835,7426,880000062,880780093,2019,79.38,98.62,219.85,111.22,260.28,139093.0
836,7427,880788591,880780150,2019,72.37,41.16,151.94,52.7,144.67,36427.0
837,7428,890000169,890000151,2019,37.67,24.17,46.69,16.02,37.370000000000005,14808.0
838,7429,890002389,890000730,2019,41.33,27.0,54.23,9.6,59.4,12623.0
839,7430,890975527,890000037,2019,148.35,185.14,528.8000000000001,311.67,606.25,288093.0
840,7431,890975535,890000409,2019,20.15,35.32,57.26,33.82,81.31,29152.0
841,7432,890975543,890000417,2019,38.13,45.82,88.21,78.75,100.91,30341.0
842,7433,890975550,890970569,2019,132.94,159.35,313.45,210.96,322.51,181368.0
843,7434,890975568,890000433,2019,19.45,46.67,63.79,77.45,121.51,13242.0
844,7437,910000272,910110014,2019,103.43,74.96,197.83,101.48,234.35,162882.0
845,7438,910000280,910019447,2019,36.81,47.21,86.61,79.77,98.25,71444.0
846,7439,910000298,910110055,2019,185.48,196.69,344.49,209.7,350.51,167064.0
847,7440,910000306,910110055,2019,101.69,100.0,207.44,116.78,192.82,96941.0
848,7441,910001973,910019447,2019,81.05,75.88,152.84,77.18,222.36,94282.0
849,7442,910018423,910110055,2019,38.58,21.26,70.11,25.2,91.28,34928.0
850,7443,910020254,910002773,2019,518.4200000000001,383.35,1107.84,461.61,1188.9,368425.0
851,7444,910100015,750712184,2019,26.0,42.25,100.51,104.0,369.83,4473.0
852,7445,910100023,750712184,2019,47.13,69.1,133.13000000000002,144.28,409.07,4966.0
853,7446,910150028,750811184,2019,71.86,83.53,204.52,78.78999999999999,228.33,44510.0
854,7447,910150069,910000033,2019,28.38,41.73,71.69,42.44,176.76,5868.0
855,7448,910300011,910000348,2019,38.43,16.64,26.84,3.36,23.94,13235.0
856,7449,910300029,910000355,2019,4.7,15.85,23.2,4.53,44.25,1291.0
857,7450,910300144,910000447,2019,66.64,35.34,112.51,10.52,122.36,63619.0
858,7451,910300177,910000462,2019,55.14,46.64,85.97,11.26,74.56,16708.0
859,7452,910300219,910003888,2019,133.49,71.41,261.39,35.36,153.55,49344.0
860,7453,910300300,910000538,2019,32.01,38.0,56.5,13.3,66.0,23234.0
861,7454,910803543,910017615,2019,98.09,53.7,190.2,29.8,145.6,69587.0
862,7455,910805357,910001643,2019,52.74,21.0,34.57,3.2,38.23,12893.0
863,7456,920000460,750813321,2019,92.11,130.58,157.88,218.41000000000005,80.81,169364.0
864,7457,920000569,920026374,2019,22.77,13.22,49.39,11.49,100.98,13030.0
865,7458,920000577,920110020,2019,122.49,166.56,239.48,123.13,388.1,134022.0
866,7459,920000585,920026374,2019,96.52,76.01,138.78,96.56,238.76,118560.0
867,7461,920000619,920009909,2019,83.47999999999999,74.46,140.87,78.54,313.79,129509.0
868,7462,920000627,920009909,2019,24.4,34.08,57.89,23.42,112.6,7674.0
869,7464,920000643,920032505,2019,114.72,97.99,165.57,30.53,187.46,157774.0
870,7465,920000650,920150059,2019,419.95,400.79,756.44,267.7,538.51,451799.0
871,7466,920000684,920150091,2019,110.5,144.9,337.45,121.3,252.98,67411.0
872,7467,920100013,750712184,2019,318.82,187.62,518.8,337.35,522.78,344452.0
873,7468,920100021,750712184,2019,282.81,183.17,532.77,235.28,582.28,340901.0
874,7469,920100039,750712184,2019,319.16,180.24,604.71,262.95,678.11,194092.0
875,7470,920100047,750712184,2019,273.16,124.78,518.42,190.81,587.9399999999999,287500.0
876,7471,920100054,750712184,2019,193.27,200.84,329.99,230.1,547.47,109753.0
877,7473,920120011,750821092,2019,171.15,246.91,406.8,188.91,460.9,166321.0
878,7474,920300043,920001526,2019,209.59,112.37,317.77000000000004,31.9,343.94,145839.0
879,7475,920300191,920000767,2019,64.71000000000001,24.7,38.55,3.0,7.720000000000001,9817.0
880,7476,920300365,920815388,2019,54.34,17.93,30.63,7.109999999999999,24.21,10882.0
881,7477,920300415,920000890,2019,59.66,22.74,59.64,12.57,69.45,27632.0
882,7478,920300597,920000940,2019,72.25999999999999,36.42,63.21,8.58,75.4,30349.0
883,7479,920300753,920810736,2019,147.04,68.69,191.33,44.5,188.71,27517.0
884,7480,920300761,920000973,2019,127.25,12.98,38.27,7.640000000000001,49.16,23828.0
885,7481,920300787,920000981,2019,209.25,307.08,207.46,304.94,119.6,25468.0
886,7482,920300845,780020715,2019,6.859999999999999,7.93,27.04,5.08,40.46,591.0
887,7483,920300936,920006848,2019,48.82,26.26,43.11,8.7,42.04,6416.0
888,7484,930000286,930021480,2019,280.4,233.27,435.31,289.7,507.48,286429.0
889,7485,930000302,930110036,2019,227.29,161.32,399.99,175.66,438.39,238957.0
890,7486,930000328,930110051,2019,304.38,244.77,479.03,306.76,647.26,304160.0
891,7487,930000336,930110069,2019,384.58,282.4,626.48,322.99,768.9000000000001,324836.0
892,7488,930100011,750712184,2019,37.94,43.69,156.70999999999998,97.89,410.48,6809.0
893,7489,930100037,750712184,2019,389.72,344.67,618.27,367.48,707.01,305490.0
894,7490,930100045,750712184,2019,180.05,138.31,302.09000000000003,175.26,345.78,257527.0
895,7492,930300025,930000393,2019,64.47999999999999,84.65,142.12,52.53,90.96,62441.0
896,7493,930300066,930000401,2019,71.85,59.2,96.35,19.16,61.38,75046.0
897,7494,930300082,930000419,2019,84.31,38.93,67.67,14.78,54.2,37580.0
898,7495,930300116,930000427,2019,68.19,53.5,99.0,18.5,129.7,48253.0
899,7496,930300264,930000492,2019,26.02,17.67,18.66,10.54,14.55,4088.0
900,7497,930300298,930025523,2019,35.79,22.6,31.6,6.0,62.9,11985.0
901,7498,930300553,930000633,2019,88.01,64.7,129.98,25.67,164.31,51833.0
902,7499,930300587,930000641,2019,43.5,19.96,36.6,10.78,28.69,26936.0
903,7500,930300595,930000658,2019,62.79,72.86,114.57,16.23,115.81,61962.0
904,7501,930300645,930000682,2019,90.88,74.55,166.48,14.29,147.09,16445.0
905,7502,930706239,930110051,2019,13.19,6.5,55.95,11.96,180.96,4443.0
906,7503,940000573,940110018,2019,384.98,265.15,645.85,391.47,723.6899999999999,537893.0
907,7504,940000599,940110042,2019,283.16,252.8,485.9500000000001,231.11,666.6,266298.0
908,7505,940000649,940150014,2019,169.76,132.3,266.48,89.34,201.8,171238.0
909,7506,940000656,940160013,2019,10.95,39.47,50.78,55.07,42.900000000000006,14377.0
910,7507,940000664,940160013,2019,405.98,459.58,630.9799999999999,541.0,273.2,383597.0
911,7508,940006679,940017338,2019,69.39999999999999,34.21,82.41,8.530000000000001,91.04,29282.0
912,7509,940016868,940016819,2019,135.81,181.13,298.74,283.38,656.08,62655.0
913,7510,940100027,750712184,2019,850.01,618.18,1437.67,860.97,1526.35,579725.0
914,7511,940100035,750712184,2019,75.37,71.24,217.26,130.07999999999998,472.49,19746.0
915,7513,940100050,750712184,2019,68.55,96.12,229.0,182.12,799.5899999999999,12195.0
916,7514,940100068,750712184,2019,168.39,153.12,415.86,316.48,598.15,87589.0
917,7515,940120017,750821092,2019,141.59,194.96,277.23,151.2,259.14,285313.0
918,7516,940300031,940000706,2019,90.06,50.35,144.96000000000004,21.31,96.37,64594.0
919,7518,940300379,940000805,2019,70.14999999999999,23.09,39.29,8.22,56.35,9744.0
920,7519,940300445,940000854,2019,39.14999999999999,28.42,61.27,6.65,59.13,42445.0
921,7520,940300452,940000862,2019,22.99,26.0,10.94,7.510000000000001,21.69,2226.0
922,7521,940300494,940000896,2019,40.63,27.28,79.08,5.8100000000000005,37.18,39554.0
923,7522,940300551,940000912,2019,26.96,15.99,18.22,3.5,33.29,4266.0
924,7523,940300569,940000912,2019,51.68,35.75,58.8,10.82,60.21,35970.0
925,7524,940813033,940001894,2019,66.55,20.4,30.74,4.82,23.05,16275.0
926,7525,950000307,950110015,2019,369.9,248.02,628.86,367.71,787.94,307467.0
927,7526,950000315,950001370,2019,94.23,96.92,162.70999999999998,138.11,190.91,93202.0
928,7527,950000323,950013870,2019,335.68,231.11,615.35,351.85,706.9799999999999,270914.0
929,7528,950000331,950110049,2019,315.63,230.04,645.01,457.62,895.46,303481.0
930,7529,950000364,950110080,2019,375.7,352.73,948.77,424.91,1011.0,378163.0
931,7530,950300095,950000455,2019,28.23,20.17,52.58,4.0,22.4,26611.0
932,7531,950300202,950000521,2019,66.85,36.77,57.38000000000001,6.84,56.79,16692.0
933,7532,950300244,950000539,2019,82.03,44.68,107.1,30.84,68.53,65852.0
934,7533,950300277,950000547,2019,84.87,74.95,114.87,22.020000000000003,132.12,71229.0
935,7534,950807982,950001636,2019,119.07,61.0,161.31,14.82,126.92,67775.0
